{
   "dashboards": [{
      "autoswitchEnabled": false,
      "columnCount": 1,
      "columnProportion": "1-1",
      "creationTime": 1658580516840,
      "dashboardNavigations": {},
      "description": "",
      "disabled": false,
      "gridsterMaxColumns": 12,
      "hidden": false,
      "homeTab": false,
      "id": "4ba2d36d-7bb8-4b3a-95f0-e3577d3a3715",
      "importAttempts": 0,
      "importComplete": true,
      "lastUpdateTime": 1692468503509,
      "lastUpdateUserId": "287ed085-c6ca-4255-b69c-956f1665ed51",
      "locked": false,
      "name": "Custom Dashboards/Cluster Details v5",
      "namePath": "Custom Dashboards",
      "rank": 0,
      "shared": false,
      "states": [{
         "key": "permDashboardTime_dashboard_4ba2d36d-7bb8-4b3a-95f0-e3577d3a3715",
         "value": "o%3AdateRange%3Ds%253Alast24Hour%5EdateRangeText%3Ds%253A24H"
      }],
      "temporary": false,
      "userId": "287ed085-c6ca-4255-b69c-956f1665ed51",
      "widgetInteractions": [
         {
            "type": "resourceId",
            "widgetIdProvider": "6204ede8-7b61-4d53-8889-f48cc281dc3c",
            "widgetIdReceiver": "42a21d01-261b-41da-9bb9-292924519d2f"
         },
         {
            "type": "resourceId",
            "widgetIdProvider": "6204ede8-7b61-4d53-8889-f48cc281dc3c",
            "widgetIdReceiver": "9e0dcf46-32d5-420c-9513-583e859eccf2"
         },
         {
            "type": "resourceId",
            "widgetIdProvider": "6204ede8-7b61-4d53-8889-f48cc281dc3c",
            "widgetIdReceiver": "3e89cd33-7671-44a3-b8f9-da014c9bd7bc"
         },
         {
            "type": "resourceId",
            "widgetIdProvider": "6204ede8-7b61-4d53-8889-f48cc281dc3c",
            "widgetIdReceiver": "c843e769-dff2-464e-a6c7-dce30422a311"
         },
         {
            "type": "resourceId",
            "widgetIdProvider": "6204ede8-7b61-4d53-8889-f48cc281dc3c",
            "widgetIdReceiver": "56720d3c-6f30-40d7-abd9-c29ddc60e343"
         },
         {
            "type": "resourceId",
            "widgetIdProvider": "6204ede8-7b61-4d53-8889-f48cc281dc3c",
            "widgetIdReceiver": "850c1e51-b0bb-4650-b962-846193a7112a"
         },
         {
            "type": "resourceId",
            "widgetIdProvider": "6204ede8-7b61-4d53-8889-f48cc281dc3c",
            "widgetIdReceiver": "0870af0b-e467-472b-a67b-a68e6a823ffc"
         },
         {
            "type": "resourceId",
            "widgetIdProvider": "6204ede8-7b61-4d53-8889-f48cc281dc3c",
            "widgetIdReceiver": "a2c5e614-ddc3-4754-956f-fe5754cac506"
         }
      ],
      "widgets": [
         {
            "collapsed": false,
            "config": {
               "chartViewItems": [],
               "isUpdatedView": true,
               "refreshContent": {"refreshContent": true},
               "refreshInterval": 300,
               "resource": {
                  "id": "Ext.vcops.chrome.model.Resource-1",
                  "resourceId": "resource:id:0_::_",
                  "resourceKindId": "002006VMWAREvSphere World",
                  "resourceName": "vSphere World",
                  "traversalSpecId": ""
               },
               "selectFirstRow": {"selectFirstRow": true},
               "selfProvider": {"selfProvider": true},
               "title": "Clusters",
               "traversalSpecId": null,
               "viewDefinitionId": "d9df64d5-6106-408a-a911-a40efe70aaa3"
            },
            "gridsterCoords": {
               "h": 6,
               "w": 12,
               "x": 1,
               "y": 1
            },
            "height": 324,
            "id": "6204ede8-7b61-4d53-8889-f48cc281dc3c",
            "states": [
               {
                  "key": "perm_toolbarVisible_widget_4ba2d36d-7bb8-4b3a-95f0-e3577d3a3715_6204ede8-7b61-4d53-8889-f48cc281dc3c",
                  "value": "b%3A1"
               },
               {
                  "key": "perm_isDashboardTime_widget_4ba2d36d-7bb8-4b3a-95f0-e3577d3a3715_6204ede8-7b61-4d53-8889-f48cc281dc3c",
                  "value": "b%3A0"
               }
            ],
            "title": "Clusters",
            "type": "View"
         },
         {
            "collapsed": false,
            "config": {
               "customFilter": {
                  "excludedResources": null,
                  "filter": [],
                  "includedResources": null
               },
               "depth": 1,
               "metric": {
                  "mode": "resourceKind",
                  "resourceKindMetrics": [{
                     "colorMethod": 2,
                     "handleOldColoring": false,
                     "id": "extModel6969-1",
                     "isStringMetric": false,
                     "metricKey": "mem|total_need",
                     "metricName": "Memory|Utilization",
                     "metricUnitId": "gb",
                     "orangeBound": null,
                     "redBound": null,
                     "resourceKindId": "resourceKind:id:0_::_",
                     "resourceKindName": "Cluster Compute Resource",
                     "unit": "GB",
                     "yellowBound": null
                  }],
                  "resourceMetrics": [],
                  "subMode": "resourceKindAll"
               },
               "refreshContent": {"refreshContent": true},
               "refreshInterval": 300,
               "relationshipMode": {"relationshipMode": 0},
               "resInteractionMode": null,
               "resource": [],
               "selfProvider": {"selfProvider": false},
               "title": "Memory Used (for selected Cluster)"
            },
            "gridsterCoords": {
               "h": 5,
               "w": 4,
               "x": 1,
               "y": 7
            },
            "height": 267,
            "id": "42a21d01-261b-41da-9bb9-292924519d2f",
            "states": [
               {
                  "key": "permBtn_zoomAllGraphs_permMetricChart_widget_4ba2d36d-7bb8-4b3a-95f0-e3577d3a3715_42a21d01-261b-41da-9bb9-292924519d2f",
                  "value": "b%3A0"
               },
               {
                  "key": "permDateRange1_permMetricChart_widget_4ba2d36d-7bb8-4b3a-95f0-e3577d3a3715_42a21d01-261b-41da-9bb9-292924519d2f",
                  "value": "s%3A%7B%22dateRange%22%3A%22dashboardTime%22%2C%22dateFrom%22%3Anull%2C%22dateTo%22%3Anull%2C%22timeFrom%22%3Anull%2C%22timeTo%22%3Anull%7D"
               },
               {
                  "key": "permMetricChart_widget_4ba2d36d-7bb8-4b3a-95f0-e3577d3a3715_42a21d01-261b-41da-9bb9-292924519d2f",
                  "value": "o%3A"
               },
               {
                  "key": "permBtn_pan_permMetricChart_widget_4ba2d36d-7bb8-4b3a-95f0-e3577d3a3715_42a21d01-261b-41da-9bb9-292924519d2f",
                  "value": "b%3A0"
               }
            ],
            "title": "Memory Used (for selected Cluster)",
            "type": "MetricChart"
         },
         {
            "collapsed": false,
            "config": {
               "customFilter": {
                  "excludedResources": null,
                  "filter": [],
                  "includedResources": null
               },
               "depth": 1,
               "metric": {
                  "mode": "resourceKind",
                  "resourceKindMetrics": [{
                     "colorMethod": 2,
                     "handleOldColoring": false,
                     "id": "extModel9615-1",
                     "isStringMetric": false,
                     "metricKey": "cpu|capacity_usagepct_average",
                     "metricName": "CPU|Capacity Usage",
                     "metricUnitId": "percent",
                     "orangeBound": null,
                     "redBound": null,
                     "resourceKindId": "resourceKind:id:0_::_",
                     "resourceKindName": "Cluster Compute Resource",
                     "unit": "%",
                     "yellowBound": null
                  }],
                  "resourceMetrics": [],
                  "subMode": "resourceKindAll"
               },
               "refreshContent": {"refreshContent": true},
               "refreshInterval": 300,
               "relationshipMode": {"relationshipMode": 0},
               "resInteractionMode": null,
               "resource": [],
               "selfProvider": {"selfProvider": false},
               "title": "CPU Utilization (for selected Cluster)"
            },
            "gridsterCoords": {
               "h": 5,
               "w": 4,
               "x": 5,
               "y": 7
            },
            "height": 267,
            "id": "9e0dcf46-32d5-420c-9513-583e859eccf2",
            "states": [
               {
                  "key": "permMetricChart_widget_4ba2d36d-7bb8-4b3a-95f0-e3577d3a3715_9e0dcf46-32d5-420c-9513-583e859eccf2",
                  "value": "o%3A"
               },
               {
                  "key": "permBtn_pan_permMetricChart_widget_4ba2d36d-7bb8-4b3a-95f0-e3577d3a3715_9e0dcf46-32d5-420c-9513-583e859eccf2",
                  "value": "b%3A0"
               },
               {
                  "key": "permBtn_zoomAllGraphs_permMetricChart_widget_4ba2d36d-7bb8-4b3a-95f0-e3577d3a3715_9e0dcf46-32d5-420c-9513-583e859eccf2",
                  "value": "b%3A0"
               },
               {
                  "key": "permDateRange1_permMetricChart_widget_4ba2d36d-7bb8-4b3a-95f0-e3577d3a3715_9e0dcf46-32d5-420c-9513-583e859eccf2",
                  "value": "s%3A%7B%22dateRange%22%3A%22dashboardTime%22%2C%22dateFrom%22%3Anull%2C%22dateTo%22%3Anull%2C%22timeFrom%22%3Anull%2C%22timeTo%22%3Anull%7D"
               }
            ],
            "title": "CPU Utilization (for selected Cluster)",
            "type": "MetricChart"
         },
         {
            "collapsed": false,
            "config": {
               "customFilter": {
                  "excludedResources": null,
                  "filter": [],
                  "includedResources": null
               },
               "depth": 1,
               "metric": {
                  "mode": "resourceKind",
                  "resourceKindMetrics": [{
                     "colorMethod": 2,
                     "handleOldColoring": false,
                     "id": "extModel11657-1",
                     "isStringMetric": false,
                     "metricKey": "cpu|capacity_contentionPct",
                     "metricName": "CPU|Contention",
                     "metricUnitId": "percent",
                     "orangeBound": null,
                     "redBound": null,
                     "resourceKindId": "resourceKind:id:0_::_",
                     "resourceKindName": "Cluster Compute Resource",
                     "unit": "%",
                     "yellowBound": null
                  }],
                  "resourceMetrics": [],
                  "subMode": "resourceKindAll"
               },
               "refreshContent": {"refreshContent": true},
               "refreshInterval": 300,
               "relationshipMode": {"relationshipMode": 0},
               "resInteractionMode": null,
               "resource": [],
               "selfProvider": {"selfProvider": false},
               "title": "CPU Contention (for selected Cluster)"
            },
            "gridsterCoords": {
               "h": 5,
               "w": 4,
               "x": 9,
               "y": 7
            },
            "height": 267,
            "id": "3e89cd33-7671-44a3-b8f9-da014c9bd7bc",
            "states": [
               {
                  "key": "permBtn_zoomAllGraphs_permMetricChart_widget_4ba2d36d-7bb8-4b3a-95f0-e3577d3a3715_3e89cd33-7671-44a3-b8f9-da014c9bd7bc",
                  "value": "b%3A0"
               },
               {
                  "key": "permMetricChart_widget_4ba2d36d-7bb8-4b3a-95f0-e3577d3a3715_3e89cd33-7671-44a3-b8f9-da014c9bd7bc",
                  "value": "o%3A"
               },
               {
                  "key": "permBtn_pan_permMetricChart_widget_4ba2d36d-7bb8-4b3a-95f0-e3577d3a3715_3e89cd33-7671-44a3-b8f9-da014c9bd7bc",
                  "value": "b%3A0"
               },
               {
                  "key": "permDateRange1_permMetricChart_widget_4ba2d36d-7bb8-4b3a-95f0-e3577d3a3715_3e89cd33-7671-44a3-b8f9-da014c9bd7bc",
                  "value": "s%3A%7B%22dateRange%22%3A%22dashboardTime%22%2C%22dateFrom%22%3Anull%2C%22dateTo%22%3Anull%2C%22timeFrom%22%3Anull%2C%22timeTo%22%3Anull%7D"
               }
            ],
            "title": "CPU Contention (for selected Cluster)",
            "type": "MetricChart"
         },
         {
            "collapsed": false,
            "config": {
               "boxColumns": 3,
               "boxHeight": null,
               "customFilter": {
                  "excludedResources": null,
                  "filter": [],
                  "includedResources": null
               },
               "depth": 1,
               "labelSize": 16,
               "maxCellCount": 100,
               "metric": {
                  "mode": "resourceKind",
                  "resourceKindMetrics": [
                     {
                        "colorMethod": 1,
                        "handleOldColoring": false,
                        "id": "extModel13680-1",
                        "isStringMetric": false,
                        "label": "Total Capacity on Connected Datastores",
                        "link": "",
                        "metricKey": "diskspace|total_capacity",
                        "metricName": "Disk Space|Total Capacity",
                        "metricUnitId": "tb",
                        "orangeBound": null,
                        "redBound": null,
                        "resourceKindId": "resourceKind:id:0_::_",
                        "resourceKindName": "Cluster Compute Resource",
                        "unit": "TB",
                        "yellowBound": null
                     },
                     {
                        "colorMethod": 1,
                        "handleOldColoring": false,
                        "id": "extModel13680-2",
                        "isStringMetric": false,
                        "label": "Total Capacity Provisioned on Connected Datastores",
                        "link": "",
                        "metricKey": "diskspace|total_provisioned",
                        "metricName": "Disk Space|Total Provisioned Disk Space",
                        "metricUnitId": "tb",
                        "orangeBound": null,
                        "redBound": null,
                        "resourceKindId": "resourceKind:id:0_::_",
                        "resourceKindName": "Cluster Compute Resource",
                        "unit": "TB",
                        "yellowBound": null
                     },
                     {
                        "colorMethod": 1,
                        "handleOldColoring": false,
                        "id": "extModel13680-3",
                        "isStringMetric": false,
                        "label": "Total Capacity Used on Connected Datastores",
                        "link": "",
                        "metricKey": "diskspace|total_usage",
                        "metricName": "Disk Space|Utilization",
                        "metricUnitId": "tb",
                        "orangeBound": null,
                        "redBound": null,
                        "resourceKindId": "resourceKind:id:0_::_",
                        "resourceKindName": "Cluster Compute Resource",
                        "unit": "TB",
                        "yellowBound": null
                     }
                  ],
                  "resourceMetrics": [],
                  "subMode": "resourceKindAll"
               },
               "mode": {"layoutMode": "fixedView"},
               "oldMetricValues": false,
               "periodLength": "dashboardTime",
               "refreshContent": {"refreshContent": true},
               "refreshInterval": 300,
               "relationshipMode": {"relationshipMode": 0},
               "resInteractionMode": null,
               "resource": [],
               "roundDecimals": 0,
               "selfProvider": {"selfProvider": false},
               "showDT": {"showDT": false},
               "showMetricName": {"showMetricName": true},
               "showMetricUnit": {"showMetricUnit": true},
               "showResourceName": {"showResourceName": false},
               "showSparkline": {"showSparkline": true},
               "title": "Datastore Capacity Scoreboard (for selected Cluster)",
               "valueSize": 24,
               "visualTheme": 6
            },
            "gridsterCoords": {
               "h": 3,
               "w": 6,
               "x": 1,
               "y": 12
            },
            "height": 153,
            "id": "c843e769-dff2-464e-a6c7-dce30422a311",
            "title": "Datastore Capacity Scoreboard (for selected Cluster)",
            "type": "Scoreboard"
         },
         {
            "collapsed": false,
            "config": {
               "chartViewItems": [],
               "isUpdatedView": true,
               "refreshContent": {"refreshContent": true},
               "refreshInterval": 300,
               "resource": null,
               "selectFirstRow": {"selectFirstRow": true},
               "selfProvider": {"selfProvider": false},
               "title": "Datastores (for selected Cluster)",
               "traversalSpecId": "",
               "viewDefinitionId": "17235483-34c3-4ea3-b1f3-ce566ed25b17"
            },
            "gridsterCoords": {
               "h": 7,
               "w": 4,
               "x": 9,
               "y": 15
            },
            "height": 381,
            "id": "56720d3c-6f30-40d7-abd9-c29ddc60e343",
            "states": [{
               "key": "perm_isDashboardTime_widget_4ba2d36d-7bb8-4b3a-95f0-e3577d3a3715_56720d3c-6f30-40d7-abd9-c29ddc60e343",
               "value": "b%3A0"
            }],
            "title": "Datastores (for selected Cluster)",
            "type": "View"
         },
         {
            "collapsed": false,
            "config": {
               "boxColumns": 3,
               "boxHeight": null,
               "customFilter": {
                  "excludedResources": null,
                  "filter": [],
                  "includedResources": null
               },
               "depth": 1,
               "labelSize": 16,
               "maxCellCount": 100,
               "metric": {
                  "mode": "resourceKind",
                  "resourceKindMetrics": [
                     {
                        "colorMethod": 1,
                        "handleOldColoring": false,
                        "id": "extModel8812-1",
                        "isStringMetric": false,
                        "label": "",
                        "link": "",
                        "metricKey": "net|received_average",
                        "metricName": "Network|Data Receive Rate",
                        "metricUnitId": "mbps",
                        "orangeBound": null,
                        "redBound": null,
                        "resourceKindId": "resourceKind:id:0_::_",
                        "resourceKindName": "Cluster Compute Resource",
                        "unit": "MBps",
                        "yellowBound": null
                     },
                     {
                        "colorMethod": 1,
                        "handleOldColoring": false,
                        "id": "extModel8812-2",
                        "isStringMetric": false,
                        "label": "",
                        "link": "",
                        "metricKey": "net|transmitted_average",
                        "metricName": "Network|Data Transmit Rate",
                        "metricUnitId": "mbps",
                        "orangeBound": null,
                        "redBound": null,
                        "resourceKindId": "resourceKind:id:0_::_",
                        "resourceKindName": "Cluster Compute Resource",
                        "unit": "MBps",
                        "yellowBound": null
                     },
                     {
                        "colorMethod": 1,
                        "handleOldColoring": false,
                        "id": "extModel8812-3",
                        "isStringMetric": false,
                        "label": "",
                        "link": "",
                        "metricKey": "net|usage_average",
                        "metricName": "Network|Usage Rate",
                        "metricUnitId": "mbps",
                        "orangeBound": null,
                        "redBound": null,
                        "resourceKindId": "resourceKind:id:0_::_",
                        "resourceKindName": "Cluster Compute Resource",
                        "unit": "MBps",
                        "yellowBound": null
                     }
                  ],
                  "resourceMetrics": [],
                  "subMode": "resourceKindAll"
               },
               "mode": {"layoutMode": "fixedView"},
               "oldMetricValues": false,
               "periodLength": "dashboardTime",
               "refreshContent": {"refreshContent": true},
               "refreshInterval": 300,
               "relationshipMode": {"relationshipMode": 0},
               "resInteractionMode": null,
               "resource": [],
               "roundDecimals": 0,
               "selfProvider": {"selfProvider": false},
               "showDT": {"showDT": false},
               "showMetricName": {"showMetricName": true},
               "showMetricUnit": {"showMetricUnit": true},
               "showResourceName": {"showResourceName": false},
               "showSparkline": {"showSparkline": true},
               "title": "Network Scoreboard (for selected Cluster)",
               "valueSize": 24,
               "visualTheme": 6
            },
            "gridsterCoords": {
               "h": 3,
               "w": 6,
               "x": 7,
               "y": 12
            },
            "height": 153,
            "id": "850c1e51-b0bb-4650-b962-846193a7112a",
            "title": "Network Scoreboard (for selected Cluster)",
            "type": "Scoreboard"
         },
         {
            "collapsed": false,
            "config": {
               "chartViewItems": [],
               "isUpdatedView": true,
               "refreshContent": {"refreshContent": true},
               "refreshInterval": 300,
               "resource": null,
               "selectFirstRow": {"selectFirstRow": true},
               "selfProvider": {"selfProvider": false},
               "title": "ESXi Hosts (in selected Cluster)",
               "traversalSpecId": "",
               "viewDefinitionId": "57930d41-8f0f-41a5-ad14-55cdb69b08d1"
            },
            "gridsterCoords": {
               "h": 7,
               "w": 4,
               "x": 1,
               "y": 15
            },
            "height": 381,
            "id": "0870af0b-e467-472b-a67b-a68e6a823ffc",
            "states": [{
               "key": "perm_isDashboardTime_widget_4ba2d36d-7bb8-4b3a-95f0-e3577d3a3715_0870af0b-e467-472b-a67b-a68e6a823ffc",
               "value": "b%3A0"
            }],
            "title": "ESXi Hosts (in selected Cluster)",
            "type": "View"
         },
         {
            "collapsed": false,
            "config": {
               "chartViewItems": [],
               "isUpdatedView": true,
               "refreshContent": {"refreshContent": true},
               "refreshInterval": 300,
               "resource": null,
               "selectFirstRow": {"selectFirstRow": true},
               "selfProvider": {"selfProvider": false},
               "title": "VMs (in selected Cluster)",
               "traversalSpecId": "",
               "viewDefinitionId": "809a1e5a-22df-4118-b837-99f7140b9f31"
            },
            "gridsterCoords": {
               "h": 7,
               "w": 4,
               "x": 5,
               "y": 15
            },
            "height": 381,
            "id": "a2c5e614-ddc3-4754-956f-fe5754cac506",
            "states": [{
               "key": "perm_isDashboardTime_widget_4ba2d36d-7bb8-4b3a-95f0-e3577d3a3715_a2c5e614-ddc3-4754-956f-fe5754cac506",
               "value": "b%3A0"
            }],
            "title": "VMs (in selected Cluster)",
            "type": "View"
         }
      ]
   }],
   "entries": {
      "resource": [{
         "adapterKindKey": "VMWARE",
         "identifiers": [],
         "internalId": "resource:id:0_::_",
         "name": "vSphere World",
         "resourceKindKey": "vSphere World"
      }],
      "resourceKind": [{
         "adapterKindKey": "VMWARE",
         "internalId": "resourceKind:id:0_::_",
         "resourceKindKey": "ClusterComputeResource"
      }]
   },
   "uuid": "2427497c-5a90-4ea9-86f2-e30dd775a6ef"
}